kɛ	98
ɛ	53
kä	47
mi̱	46
ɣöö	30
we	29
ɛn	28
i̱	27
ci̱	26
cuu	20
nɛy	20
cɛ	19
cu	19
mëë	18
jɛ	17
tëë	16
cuɛ	16
te	16
kɔn	15
jiök	14
bi̱	13
ti̱	12
ni̱	12
ɣä	11
jɛn	10
kɛl	10
cä	10
ɣän	9
kɛn	9
nyal	8
go̱r	8
caa	8
dee	8
di̱i̱t	8
ben	8
rɛw	7
ɛmɔ	7
ji̱n	7
thi̱n	7
naath	7
kɛnɛ	7
cua̱	7
wut	6
ji̱	6
gua̱n	6
laa	6
nɛnɛɛ	6
la	6
gua̱	6
jek	6
kɛɛ	6
diɔ̱k	6
wäl	6
thuɔ̱k	6
man	6
da̱ŋ	5
ŋa̱c	5
ruac	5
luäŋ	5
cop	5
lɔc	5
cäŋ	5
/ci̱	5
nyuur	5
bɛ	5
rɛydɛ	5
wëë	5
ku	5
tekɛ	4
yio̱w	4
ruet	4
mɔ	4
la̱t	4
baa	4
ram	4
piny	4
culä	4
guic	4
lät	4
cua	4
bɛl	4
dhieec	4
liep	4
rami̱	4
thok	4
mɛn	4
kuɔth	4
rɛy	4
kɛɛl	4
pua̱t	4
ciek	4
kuän	4
gɔaa	4
bä	4
ŋar	4
wi̱dɛ	3
cɔali̱	3
kak	3
wër	3
cɔwdu	3
daan	3
gök	3
thia̱k	3
nɛmɛ	3
cet	3
ra̱c	3
min	3
raar	3
ta̱a̱	3
ɛmɛ	3
ci̱kɛ	3
bi̱kɛ	3
ŋu	3
nööŋ	3
cää	3
lar	3
bitkä	3
tuɔɔk	3
ɛla	3
yɛn	3
raami̱	3
kui̱	3
wargani̱	3
luaak	3
wia̱	3
lɛ	3
rɔ	3
kulɛ	3
lɛlɛ	3
duŋdɛ	3
lom	3
mandi̱t	3
ɣoo	3
ruɔ̱n	2
ki̱thni̱	2
cieŋ	2
luny	2
jɔk	2
ruët	2
liŋ	2
cänɛ	2
nyaamɛ	2
jakä	2
culu	2
nɛn	2
kuɛ̈ɛ̈	2
cetkɛ	2
in	2
luɔ̱k	2
tok	2
culɛ	2
nyuɔ̱th	2
buɔ̱m	2
gat	2
moc	2
cuɔ̱ŋ	2
diaal	2
cul	2
dap	2
dä	2
duɔ̱p	2
kua	2
lo̱k	2
kään	2
bi	2
lip	2
muɔ̱ɔ̱n	2
guiɛcä	2
mal	2
/caa	2
ɣɔ̱k	2
ŋäc	2
puɔ̱t	2
ɣää	2
nhɔk	2
yaŋ	2
di̱t	2
lotdɛ	2
nɔmɔ	2
go̱rɛ	2
nyami̱	2
banɛ	2
raan	2
rɔdɛ	2
kiɛ	2
rɔɔdu	2
thiɛlɛ	2
ɛŋu	2
deeyi	2
ciaaŋ	2
guäth	2
jiäkni̱	2
nhiam	2
ŋuaan	2
ba̱kɛl	2
mana̱dhämɛ	2
thiec	2
wee	2
kawayni̱	2
tɛ̈ɛ̈t	2
mäni̱	2
kaway	2
ciöt	2
ɛlɔ̱ŋ	2
wa	2
ëë	2
tɛ̈thlɔaac	2
käni̱	2
baŋ	2
katum	2
jäl	2
dɛ	2
kɛ̈l	2
gatdi̱	2
ba	2
lɛl	2
guär	2
yuɔr	2
bam	2
ciekdɛ	2
lɔcdɛ	2
ŋɔth	2
dɔɔr	2
ŋuan	2
jëk	2
nyoon	2
kɔr	2
ni̱ni̱	2
gatdɛ	2
bok	2
run	2
bäkɛl	2
i	2
rɔ̱	2
ruëëc	2
thiaŋ	2
tha̱t	2
nyɔk	2
bɛɛl	2
panyi̱jiar	1
ta̱a̱jiɛr	1
ro̱ŋ	1
/ken	1
buɔthdɛ	1
jio̱kɛ	1
garmaar	1
duɔ̱r	1
kenɛ	1
diɛwä	1
woc	1
rɔdu	1
ɛŋa	1
go̱lä	1
gua̱th	1
kuumɛ	1
ciöl	1
lo̱kɛ	1
ŋuɛ̈t	1
duka̱ndɛ	1
gua̱a̱din	1
lëp	1
luk	1
kɔl	1
kumɛ	1
deriɛ	1
tɔt	1
cän	1
loc	1
gatdä	1
go̱ri̱	1
kämni̱	1
tikɛdu	1
gi̱rbar	1
gua̱a̱th	1
tɛ̈thlɔac	1
ŋuɛt	1
dial	1
larɛ	1
cäŋɛ	1
da̱p	1
ɛmäni̱	1
nyaal	1
nyi̱mandan	1
ruetji̱	1
gua̱mɛ	1
deyi̱	1
ciɛk	1
pɛ̈th	1
kuuyɛ	1
nhɔkiɛ	1
dhil	1
päl	1
ɣäni̱	1
ɛnɔ	1
jɛnɛ	1
nɔ	1
wi̱c	1
ran	1
lo̱ki̱	1
nhɔki̱	1
gɔ̱r	1
i̱nɔnɔ	1
dɔ̱diɛn	1
mënɛ	1
diäl	1
guiäc	1
cäät	1
malä	1
ti̱i̱kɛ	1
deyi	1
nyier	1
guiɛckɛ	1
dëë	1
duɔ̱ɔ̱r	1
ji̱kiɛn	1
tɔ̱ɔ̱	1
nääri̱kiɛn	1
manleni̱kiɛn	1
ɣɔ̱ɔ̱k	1
wayni̱kiɛn	1
gua̱nleni̱kiɛn	1
waa	1
bul	1
nyamɔ	1
ro̱diɛn	1
tak	1
lat	1
duŋni̱	1
gua̱nlen	1
waac	1
kukɛnɛ	1
kän	1
ɛni̱	1
gua̱a̱	1
bitä	1
ŋɔ̱a̱ŋɛ	1
thë	1
caak	1
naŋ	1
dhɔrɛ	1
thëlɛ	1
wanɛ	1
ka̱n	1
yieyni̱	1
guutkä	1
ɣɔaa	1
kueni̱	1
wi̱i̱	1
nyaa	1
bia	1
bɛn	1
baaŋ	1
guli̱	1
luc	1
thɛlɛ	1
tuɔk	1
cak	1
gööli̱	1
jɛnɔ	1
ramɔ	1
ca̱tɛ	1
göl	1
kɔni̱	1
tɔ̱	1
tɛ	1
latɔ̱	1
ca	1
da̱a̱k	1
ciaŋ	1
ciɛŋä	1
nyi̱r	1
gak	1
tiɛl	1
leer	1
rɔal	1
kuth	1
guiɛr	1
dääk	1
nath	1
lɔaac	1
yɔ̱ŋ	1
kɔaaŋni̱	1
tekä	1
ciɛŋ	1
raankä	1
waakɛ	1
da	1
gɔ̱ɔ̱rkä	1
wen	1
ba̱rɔw	1
ba̱däk	1
ba̱ŋuan	1
la̱tdä	1
män	1
dhɔarä	1
dan	1
lökɛ	1
ni̱kɛ	1
teni̱	1
di̱	1
be	1
maakaal	1
thuk	1
luekni̱	1
tha̱ŋ	1
guäthni̱	1
cup	1
rɛcɔ	1
bën	1
köö	1
pɛlɛ	1
jaa	1
ci̱ätkɛ	1
bäär	1
ga̱ra̱rɛ	1
ka̱m	1
tho	1
baap	1
biä	1
yɔ̱di̱kä	1
nämbär	1
ɛmɔni̱	1
cäätdɛ	1
ciötdu	1
meniɛ	1
gui̱l	1
ciötdä	1
ciööt	1
nɛɛni̱	1
kɔ̱kiɛn	1
ŋuaanda	1
dho̱o̱l	1
jurä	1
kur	1
wi̱diɛn	1
robɛ	1
ŋot	1
kuɔ̱r	1
kɔak	1
nëë	1
kɔk	1
cuaal	1
lɔw	1
kuoth	1
la̱r	1
ci	1
tee	1
dui̱rɛ	1
dhɔarɛ	1
cɔl	1
warɛgak	1
thöp	1
puc	1
mi̱ci̱n	1
ja̱k	1
buɔ̱n	1
duël	1
ja̱l	1
go̱o̱r	1
buɔɔny	1
kärɔa	1
inɔnɔ	1
rɛyda	1
duɔth	1
ɔni̱	1
jalapni̱	1
ɛlöö	1
riet	1
gaŋä	1
rɔdä	1
ɛmi̱	1
ŋak	1
kɔnɛ	1
jalap	1
bɔ̱	1
mɔni̱	1
mi̱th	1
thɛm	1
diɛn	1
mieth	1
liip	1
liɛpä	1
dɔ̱ŋ	1
kua̱n	1
jänyɛ	1
määth	1
kadɛ	1
milɛ	1
bäthɔli̱	1
ŋuɔ̱k	1
rɛc	1
toŋ	1
mur	1
tiɛɛr	1
thar	1
duth	1
jɔkɛ	1
di̱tdɛ	1
kuiyɛ	1
duŋ	1
tiit	1
cerɛ	1
tuny	1
ɣo̱nh	1
cuɔt	1
tharɛ	1
murɛ	1
möt	1
böt	1
kuɔ̱kɛ	1
ŋöth	1
nhök	1
ŋɔɔth	1
gurä	1
göörä	1
tɔylɛt	1
wi̱	1
ciäth	1
ciɛth	1
kaa	1
tiäckɛ	1
dueel	1
jekɛ	1
nyuurkä	1
guiäcä	1
bi̱di̱öö	1
talpoondä	1
maalɛ	1
mani̱	1
thiap	1
puɔ̱nydä	1
jio̱m	1
dundɛ	1
kuɛn	1
görä	1
luɔm	1
luɔ̱m	1
yil	1
pay	1
thany	1
cɔwdɛ	1
näk	1
ko̱o̱ri̱	1
go̱rä	1
dɛŋ	1
jäkä	1
duel	1
gɔrä	1
khartoum	1
ŋäcɛ	1
gɔy	1
gɔ̱rä	1
burunti̱	1
wanɛmɔ	1
gɔ̱a̱r	1
gatluak	1
ŋiëckɛ	1
ca̱r	1
rɔa	1
ɣa̱a̱	1
maar	1
guɔ̱ɔ̱rkä	1
tim	1
ciëŋ	1
kɔŋ	1
tut	1
thoknuäri̱	1
görni	1
luuc	1
thuɔk	1
jiääk	1
cɛɛ	1
kac	1
thiecɛ	1
jiɛɛn	1
ga̱r	1
tharkäjɛ	1
derɛ	1
pa̱l	1
jiok	1
pa̱lɛ	1
thoknuärä	1
we̱	1
aa	1
bitni̱	1
runwaŋ	1
nyamal	1
tha̱l	1
gɔa	1
mi̱i̱th	1
gatmanlendɛ	1
luɔ̱c	1
cuaa	1
cuɔl	1
ŋa̱m	1
nyuɛy	1
baak	1
nyɔkni̱	1
gaatdi̱	1
lɛni	1
ca̱m	1
jiäk	1
dɛ̈ŋ	1
nyuëy	1
luaal	1
wak	1
jɔw	1
madi̱n	1
näki̱	1
nyärä	1
nyuɛ̈ɛ̈	1
dëc	1
ka̱kɛ	1
luɔc	1
tää	1
tuk	1
buk	1
thoknath	1
